"동별(1)",동별(2),동별(3),2015,2015,2015,2015,2015,2015,2015,2015,2015,2020,2020,2020,2020,2020,2020,2020,2020,2020
"동별(1)",동별(2),동별(3),종류별 주택수,종류별 주택수,종류별 주택수,종류별 주택수,종류별 주택수,종류별 주택수,종류별 주택수,종류별 주택수,종류별 주택수,종류별 주택수,종류별 주택수,종류별 주택수,종류별 주택수,종류별 주택수,종류별 주택수,종류별 주택수,종류별 주택수,종류별 주택수
"동별(1)",동별(2),동별(3),소계,단독주택,단독주택,단독주택,단독주택,아파트,연립주택,다세대주택,비거주용건물내주택,소계,단독주택,단독주택,단독주택,단독주택,아파트,연립주택,다세대주택,비거주용건물내주택
"동별(1)",동별(2),동별(3),소계,소계,일반단독주택,다가구주택,영업겸용주택,소계,소계,소계,소계,소계,소계,일반단독주택,다가구주택,영업겸용주택,소계,소계,소계,소계
"서울시",소계,소계,2793244,355039,88163,217616,49260,1636896,117235,654372,29702,3015371,307075,64911,190399,51765,1772670,110562,796066,28998
"서울시",종로구,소계,43550,13103,7498,4191,1414,12552,5395,11664,836,46859,12259,6572,4070,1617,15688,5460,12540,912
"서울시",종로구,사직동,2771,729,533,128,68,1532,78,386,46,2778,650,467,108,75,1591,78,411,48
"서울시",종로구,삼청동,799,714,514,131,69,X,19,41,25,730,644,414,134,96,X,19,37,30
"서울시",종로구,부암동,2957,1092,807,222,63,121,902,806,36,3070,1033,750,214,69,121,903,976,37
"서울시",종로구,평창동,5754,1533,1065,335,133,936,2180,1044,61,5958,1553,1088,314,151,1009,2186,1139,71
"서울시",종로구,무악동,2870,160,106,20,34,2590,55,50,15,2860,48,14,9,25,2703,55,46,8
"서울시",종로구,교남동,1527,251,116,114,21,112,88,1072,X,3917,237,100,112,25,2526,88,1060,6
"서울시",종로구,가회동,1646,750,577,114,59,X,137,741,18,1601,731,556,105,70,X,137,719,14
"서울시",종로구,종로1.2.3.4가동,1613,563,359,98,106,932,28,26,64,1652,514,319,75,120,959,28,48,103
"서울시",종로구,종로5.6가동,1116,769,363,282,124,102,X,90,151,1319,730,324,273,133,220,76,137,156
"서울시",종로구,이화동,2725,808,398,299,111,189,266,1393,69,2624,682,265,311,106,189,266,1420,67
"서울시",종로구,혜화동,4863,1504,598,779,127,834,457,1952,116,5065,1430,462,797,171,890,458,2172,115
"서울시",종로구,창신1동,1528,525,208,191,126,832,16,116,39,1589,493,173,191,129,868,18,164,46
"서울시",종로구,창신2동,2445,908,283,503,122,328,91,1082,36,2466,879,245,497,137,330,89,1119,49
"서울시",종로구,창신3동,2152,315,107,178,30,1735,35,58,9,2150,306,91,176,39,1735,33,68,8
"서울시",종로구,숭인1동,1554,687,348,286,53,654,15,170,28,1588,644,307,277,60,654,15,245,30
"서울시",종로구,숭인2동,3081,446,204,180,62,1394,241,936,64,3358,406,163,171,72,1633,224,1029,66
"서울시",종로구,청운효자동,4149,1349,912,331,106,261,783,1701,55,4134,1279,834,306,139,260,787,1750,58
"서울시",중구,소계,37478,6436,2722,2600,1114,22186,1975,6148,733,42234,5967,2266,2436,1265,26102,1944,7352,869
"서울시",중구,소공동,380,15,14,X,X,355,X,X,10,685,16,12,X,X,651,X,X,18
"서울시",중구,회현동,1782,285,158,88,39,1345,43,77,32,1744,246,112,82,52,1342,43,75,38
"서울시",중구,명동,519,217,91,73,53,250,X,23,29,547,201,65,73,63,250,X,54,42
"서울시",중구,필동,956,399,191,121,87,279,90,140,48,1191,375,161,111,103,399,89,258,70
"서울시",중구,장충동,2431,408,219,132,57,201,278,1494,50,2433,391,190,137,64,197,262,1532,51
"서울시",중구,광희동,1445,502,297,134,71,822,X,80,38,1828,450,228,130,92,1206,X,116,55
"서울시",중구,을지로동,436,117,78,X,35,264,X,X,55,422,101,53,X,44,257,X,7,57
"서울시",중구,신당5동,2457,681,204,361,116,1336,107,278,55,3376,607,150,335,122,2279,106,321,63
"서울시",중구,황학동,3610,714,231,242,241,2589,16,170,121,3959,612,148,209,255,2823,12,398,114
"서울시",중구,중림동,2764,313,156,122,35,1890,55,482,24,4324,259,129,96,34,3455,54,529,27
"서울시",중구,신당동,1996,980,453,398,129,586,51,309,70,2526,968,425,391,152,973,51,426,108
"서울시",중구,다산동,4267,896,335,468,93,472,711,2119,69,4507,865,320,442,103,472,711,2374,85
"서울시",중구,약수동,6508,191,55,108,28,5344,395,560,18,6584,168,41,99,28,5344,389,658,25
"서울시",중구,청구동,4842,487,188,233,66,3844,115,347,49,4928,484,189,218,77,3844,115,432,53
"서울시",중구,동화동,3085,231,52,115,64,2609,111,69,65,3180,224,43,108,73,2610,111,172,63
"서울시",용산구,소계,70723,15503,5691,8038,1774,35343,4029,15206,642,74542,14064,4941,7359,1764,37676,3969,18124,709
"서울시",용산구,후암동,5195,1617,684,821,112,618,582,2320,58,5363,1470,580,767,123,618,575,2646,54
"서울시",용산구,용산2가동,3326,1185,202,824,159,375,126,1615,25,3243,1105,181,782,142,374,128,1601,35
"서울시",용산구,남영동,1721,690,326,264,100,440,89,472,30,1714,661,305,260,96,440,89,473,51
"서울시",용산구,원효로2동,4489,589,192,318,79,3223,118,532,27,4631,534,173,278,83,3216,118,735,28
"서울시",용산구,효창동,2967,684,303,326,55,963,304,982,34,3463,271,76,146,49,1584,247,1333,28
"서울시",용산구,용문동,3806,524,159,237,128,2282,97,880,23,4231,443,126,182,135,2282,78,1404,24
"서울시",용산구,이촌1동,9531,X,X,X,X,9500,19,11,X,9540,X,X,X,X,9507,21,11,X
"서울시",용산구,이촌2동,3391,59,13,14,32,2773,177,374,8,3415,60,11,13,36,2783,172,391,9
"서울시",용산구,이태원1동,2211,874,314,451,109,712,246,329,50,2198,815,304,409,102,712,246,373,52
"서울시",용산구,이태원2동,3111,1217,320,806,91,705,228,921,40,3058,1127,275,741,111,705,232,949,45
"서울시",용산구,서빙고동,4201,645,277,304,64,2611,250,688,7,4268,618,259,301,58,2608,254,780,8
"서울시",용산구,보광동,3614,2050,585,1295,170,550,81,895,38,3588,2024,564,1288,172,550,81,892,41
"서울시",용산구,청파동,5235,2028,710,1059,259,74,472,2587,74,5636,1837,623,1005,209,74,455,3186,84
"서울시",용산구,원효로1동,4663,671,271,284,116,3384,43,496,69,5251,563,219,228,116,3405,43,1161,79
"서울시",용산구,한강로동,5212,958,631,228,99,3719,104,344,87,6769,905,592,200,113,5192,162,431,79
"서울시",용산구,한남동,8050,1712,704,807,201,3414,1093,1760,71,8174,1630,653,759,218,3626,1068,1758,92
"서울시",성동구,소계,82331,11250,2414,7134,1702,59331,2076,8610,1064,91329,10525,1947,6759,1819,67584,1990,10158,1072
"서울시",성동구,왕십리2동,4039,645,86,474,85,3195,9,157,33,5060,608,79,437,92,4243,9,167,33
"서울시",성동구,마장동,6282,1262,548,482,232,4111,230,526,153,6564,1206,456,492,258,4173,212,816,157
"서울시",성동구,사근동,2813,814,174,545,95,974,55,906,64,3183,793,132,545,116,1288,55,982,65
"서울시",성동구,행당1동,3608,636,190,368,78,2346,X,572,54,4990,573,155,341,77,3680,X,680,57
"서울시",성동구,행당2동,8445,137,12,107,18,8134,16,153,5,8481,133,10,104,19,8134,16,194,X
"서울시",성동구,응봉동,5318,150,38,96,16,3868,42,1251,7,5322,150,37,96,17,3868,42,1254,8
"서울시",성동구,금호1가동,5643,97,38,30,29,4672,X,847,27,6021,77,20,27,30,5058,X,861,25
"서울시",성동구,금호4가동,5712,448,148,244,56,4849,101,275,39,5223,397,111,229,57,4439,101,254,32
"서울시",성동구,성수1가1동,4244,651,148,417,86,2625,325,545,98,4897,629,117,417,95,3313,307,557,91
"서울시",성동구,성수1가2동,3817,858,143,570,145,2345,200,312,102,3689,659,81,429,149,2345,200,389,96
"서울시",성동구,성수2가1동,4248,1092,122,773,197,1912,593,533,118,4288,1079,113,756,210,1913,567,599,130
"서울시",성동구,성수2가3동,2698,353,69,185,99,1912,57,292,84,2944,290,35,160,95,1912,57,589,96
"서울시",성동구,송정동,2096,968,122,769,77,765,86,254,23,2331,898,100,704,94,793,68,547,25
"서울시",성동구,용답동,2320,1496,115,1183,198,456,39,268,61,2504,1472,103,1162,207,621,27,327,57
"서울시",성동구,왕십리도선동,7085,573,144,269,160,6050,75,295,92,8480,544,128,247,169,7302,75,468,91
"서울시",성동구,금호2.3가동,6023,929,296,545,88,3610,129,1286,69,7453,893,251,543,99,5019,129,1338,74
"서울시",성동구,옥수동,7940,141,21,77,43,7507,119,138,35,9899,124,19,70,35,9483,125,136,31
"서울시",광진구,소계,79393,17034,809,13455,2770,29880,4434,26561,1484,89832,15332,617,11711,3004,32135,4054,36858,1453
"서울시",광진구,화양동,4384,1471,38,1198,235,756,133,1856,168,5296,1413,18,1127,268,1360,50,2315,158
"서울시",광진구,군자동,4038,1520,68,1253,199,779,277,1364,98,4556,1435,53,1145,237,779,268,1978,96
"서울시",광진구,중곡1동,2823,1213,46,907,260,106,101,1295,108,3613,1094,37,788,269,148,98,2159,114
"서울시",광진구,중곡2동,4177,1341,63,1029,249,300,119,2280,137,4986,1188,38,876,274,300,100,3265,133
"서울시",광진구,중곡3동,3269,1295,71,1025,199,444,48,1363,119,3870,1179,57,908,214,462,49,2058,122
"서울시",광진구,중곡4동,6545,1671,103,1346,222,314,680,3750,130,7366,1508,94,1177,237,314,666,4746,132
"서울시",광진구,능동,1954,859,67,718,74,22,72,973,28,2531,786,44,647,95,21,72,1620,32
"서울시",광진구,구의1동,4389,1195,34,939,222,264,205,2595,130,5195,1070,27,793,250,264,180,3553,128
"서울시",광진구,구의2동,5815,1094,69,879,146,450,713,3471,87,7341,977,56,761,160,1355,714,4221,74
"서울시",광진구,구의3동,8219,473,19,352,102,5649,412,1639,46,9070,424,15,299,110,5985,326,2291,44
"서울시",광진구,광장동,10213,219,46,126,47,9003,481,460,50,10349,214,37,117,60,9068,481,538,48
"서울시",광진구,자양1동,4282,1329,46,1034,249,527,202,2119,105,5398,1205,36,893,276,784,182,3118,109
"서울시",광진구,자양2동,6331,944,16,704,224,2773,283,2245,86,7066,848,14,601,233,2802,257,3075,84
"서울시",광진구,자양3동,8268,471,32,370,69,7088,271,371,67,8582,402,23,301,78,7088,248,782,62
"서울시",광진구,자양4동,4686,1939,91,1575,273,1405,437,780,125,4613,1589,68,1278,243,1405,363,1139,117
"서울시",동대문구,소계,98203,20799,6518,11569,2712,59534,3740,12529,1601,103520,17120,4344,9942,2834,65033,3274,16511,1582
"서울시",동대문구,회기동,2882,773,131,511,131,1406,52,566,85,3115,744,106,496,142,1577,50,652,92
"서울시",동대문구,휘경1동,3598,1301,270,931,100,1434,94,699,70,4327,913,181,640,92,2546,136,677,55
"서울시",동대문구,휘경2동,6701,1020,177,750,93,4151,414,1075,41,6802,994,137,741,116,4151,414,1191,52
"서울시",동대문구,청량리동,6181,1526,418,929,179,3691,65,809,90,6209,1507,383,922,202,3691,65,853,93
"서울시",동대문구,답십리1동,9736,1097,260,685,152,8355,44,169,71,9261,944,188,613,143,7743,32,474,68
"서울시",동대문구,답십리2동,8546,1067,284,574,209,6937,66,361,115,9791,991,224,529,238,8184,45,459,112
"서울시",동대문구,용신동,7622,2581,983,1226,372,3532,342,914,253,8495,1942,533,1040,369,4446,345,1522,240
"서울시",동대문구,제기동,7453,2395,1127,841,427,3078,156,1629,195,7896,2262,867,863,532,3113,158,2148,215
"서울시",동대문구,전농1동,7226,2391,827,1324,240,3431,180,1115,109,8308,2138,654,1231,253,4044,224,1804,98
"서울시",동대문구,전농2동,6328,524,219,256,49,5505,X,272,25,6437,489,190,249,50,5505,X,417,26
"서울시",동대문구,장안1동,9891,966,59,627,280,6149,1002,1549,225,11799,892,44,583,265,6878,867,2934,228
"서울시",동대문구,장안2동,8373,952,86,663,203,5179,1034,1048,160,9852,849,72,574,203,6061,637,2148,157
"서울시",동대문구,이문1동,7421,3131,1250,1669,212,1878,289,2010,113,4948,1501,382,951,168,2232,281,837,97
"서울시",동대문구,이문2동,6245,1075,427,583,65,4808,X,313,49,6280,954,383,510,61,4862,20,395,49
"서울시",중랑구,소계,99265,21155,2548,15634,2973,50078,4943,21543,1546,112364,18560,1787,13464,3309,55499,4466,32303,1536
"서울시",중랑구,면목2동,6074,1618,130,1209,279,2444,234,1595,183,6489,1528,98,1133,297,2444,210,2125,182
"서울시",중랑구,면목4동,5385,1148,111,881,156,2867,219,1084,67,5408,1034,80,793,161,2867,157,1288,62
"서울시",중랑구,면목5동,2697,1087,160,771,156,216,380,933,81,4409,621,68,445,108,2174,264,1300,50
"서울시",중랑구,면목7동,5607,1459,286,993,180,2626,397,1021,104,6204,1264,219,858,187,3151,232,1454,103
"서울시",중랑구,상봉1동,7493,727,159,475,93,5492,296,929,49,7937,622,91,413,118,5365,258,1639,53
"서울시",중랑구,상봉2동,3878,1219,122,900,197,914,164,1452,129,6146,906,76,633,197,2043,173,2891,133
"서울시",중랑구,중화1동,5293,782,82,588,112,2120,626,1704,61,5691,738,58,536,144,2120,639,2137,57
"서울시",중랑구,중화2동,5183,2482,233,1978,271,868,597,1094,142,6553,2199,163,1704,332,868,561,2790,135
"서울시",중랑구,묵1동,9284,862,80,668,114,5593,363,2386,80,10805,788,56,573,159,6568,360,3004,85
"서울시",중랑구,묵2동,4507,1134,118,853,163,1650,194,1399,130,5309,996,78,705,213,1652,154,2375,132
"서울시",중랑구,망우3동,3115,1469,141,1147,181,61,117,1400,68,3604,1348,112,1023,213,61,111,2018,66
"서울시",중랑구,신내1동,12125,476,107,287,82,10842,229,524,54,12959,436,73,262,101,11411,297,747,68
"서울시",중랑구,신내2동,8441,12,9,X,X,8425,X,X,X,8440,9,7,X,X,8425,X,X,6
"서울시",중랑구,면목본동,7231,2703,348,2029,326,764,253,3397,114,8582,2427,263,1794,370,962,220,4856,117
"서울시",중랑구,면목3.8동,5831,1997,224,1438,335,1942,455,1323,114,6375,1822,170,1295,357,1942,429,2055,127
"서울시",중랑구,망우본동,7121,1980,238,1417,325,3254,419,1302,166,7453,1822,175,1297,350,3446,401,1624,160
"서울시",성북구,소계,128046,27180,12933,11311,2936,69725,6518,23097,1526,138621,22520,9622,9897,3001,79206,6262,29213,1420
"서울시",성북구,돈암1동,5763,172,101,50,21,5341,80,162,8,5778,164,96,50,18,5341,80,184,9
"서울시",성북구,돈암2동,7473,65,48,15,X,7162,20,221,5,8240,47,32,13,X,7791,20,379,X
"서울시",성북구,안암동,3818,1268,442,664,162,1177,214,1019,140,4022,1179,301,665,213,1209,214,1282,138
"서울시",성북구,보문동,3421,1213,517,542,154,1305,42,765,96,4580,988,309,502,177,2491,42,965,94
"서울시",성북구,정릉1동,5510,690,275,313,102,4136,72,568,44,5856,577,188,280,109,4535,72,628,44
"서울시",성북구,정릉2동,7537,1081,667,328,86,3157,688,2571,40,8211,923,548,290,85,3105,739,3401,43
"서울시",성북구,정릉3동,4895,1600,1219,285,96,672,1086,1481,56,5359,1537,1103,299,135,756,1148,1860,58
"서울시",성북구,정릉4동,8810,624,358,189,77,5168,877,2093,48,8993,590,296,200,94,5173,876,2303,51
"서울시",성북구,길음1동,11978,296,225,54,17,11470,59,128,25,11859,97,35,47,15,11470,37,234,21
"서울시",성북구,길음2동,4840,978,607,277,94,2810,190,820,42,5855,519,263,174,82,5152,32,113,39
"서울시",성북구,월곡1동,7875,1091,376,560,155,6137,93,508,46,8267,1021,310,543,168,6228,93,882,43
"서울시",성북구,월곡2동,5390,1252,438,683,131,3379,172,489,98,5672,1213,355,669,189,3384,172,815,88
"서울시",성북구,장위1동,5624,2143,825,1146,172,90,518,2759,114,6134,1482,511,824,147,90,462,4010,90
"서울시",성북구,장위2동,4299,2227,665,1301,261,220,288,1448,116,4120,1751,501,1049,201,347,196,1731,95
"서울시",성북구,장위3동,4127,1965,1007,780,178,1306,225,563,68,6078,909,466,384,59,4619,199,327,24
"서울시",성북구,성북동,5274,2474,1850,469,155,606,770,1352,72,5605,2391,1765,448,178,630,769,1729,86
"서울시",성북구,삼선동,6599,2160,982,899,279,2742,285,1285,127,6987,2002,846,857,299,2897,284,1676,128
"서울시",성북구,동선동,4118,1223,472,531,220,1078,369,1309,139,4298,1129,375,519,235,1086,400,1548,135
"서울시",성북구,종암동,11663,1576,592,793,191,8030,370,1571,116,12235,1419,466,751,202,8072,328,2296,120
"서울시",성북구,석관동,9032,3082,1267,1432,383,3739,100,1985,126,10472,2582,856,1333,393,4830,99,2850,111
"서울시",강북구,소계,91806,19393,5998,11048,2347,32651,4854,33820,1088,97452,17557,4814,10222,2521,34733,4789,39331,1042
"서울시",강북구,번1동,4346,1733,320,1200,213,880,86,1558,89,4529,1672,261,1183,228,880,86,1803,88
"서울시",강북구,번2동,6535,317,104,171,42,2625,240,3325,28,6723,290,86,156,48,2625,224,3558,26
"서울시",강북구,번3동,7243,33,6,12,15,6861,66,260,23,7257,35,5,12,18,6861,66,271,24
"서울시",강북구,수유1동,6088,1696,706,786,204,387,492,3432,81,6781,1541,579,736,226,622,494,4051,73
"서울시",강북구,수유2동,6437,1034,213,649,172,2531,175,2574,123,7243,868,154,532,182,2640,204,3412,119
"서울시",강북구,수유3동,5367,1837,286,1251,300,235,230,2939,126,5962,1793,230,1237,326,301,247,3485,136
"서울시",강북구,삼양동,8203,2358,1148,1023,187,2646,650,2473,76,7808,1885,870,839,176,2647,612,2606,58
"서울시",강북구,미아동,6145,1557,300,1032,225,1099,408,2990,91,6555,1470,211,1017,242,1100,444,3450,91
"서울시",강북구,송중동,7704,2289,644,1398,247,1342,499,3474,100,8803,1991,505,1214,272,2985,475,3261,91
"서울시",강북구,송천동,6777,3153,1070,1742,341,1255,220,2022,127,7165,3011,909,1734,368,1255,208,2568,123
"서울시",강북구,삼각산동,11380,49,14,21,14,11291,X,26,14,11376,50,13,21,16,11291,X,24,11
"서울시",강북구,우이동,6305,1304,506,680,118,856,704,3354,87,7122,1134,425,573,136,856,640,4415,77
"서울시",강북구,인수동,9276,2033,681,1083,269,643,1084,5393,123,10128,1817,566,968,283,670,1089,6427,125
"서울시",도봉구,소계,102443,9404,1748,6078,1578,64082,4242,24014,701,107156,8634,1412,5586,1636,65032,4144,28620,726
"서울시",도봉구,쌍문1동,6579,1058,416,549,93,1890,832,2751,48,7530,948,338,499,111,1971,753,3811,47
"서울시",도봉구,쌍문2동,6097,699,140,457,102,2792,270,2283,53,6473,645,125,418,102,2973,270,2533,52
"서울시",도봉구,쌍문3동,4755,890,150,608,132,1840,215,1768,42,5022,814,120,555,139,1930,171,2055,52
"서울시",도봉구,쌍문4동,6784,121,51,57,13,6116,109,426,12,6835,91,38,39,14,6120,88,525,11
"서울시",도봉구,방학1동,7916,1131,82,825,224,4237,465,1979,104,8331,1070,55,781,234,4495,352,2314,100
"서울시",도봉구,방학2동,5436,1150,86,847,217,68,844,3286,88,6149,1072,70,782,220,234,845,3907,91
"서울시",도봉구,방학3동,9693,68,41,11,16,9231,45,336,13,9698,65,38,11,16,9237,45,337,14
"서울시",도봉구,창1동,8780,435,48,298,89,7251,293,766,35,9024,399,37,272,90,7314,293,976,42
"서울시",도봉구,창2동,8166,778,74,525,179,2937,361,4041,49,8798,665,52,443,170,2942,343,4788,60
"서울시",도봉구,창3동,3782,1136,189,724,223,1126,120,1364,36,3977,1083,161,692,230,1163,120,1571,40
"서울시",도봉구,창4동,10009,X,X,X,X,9991,X,16,X,10132,X,X,X,X,10045,48,38,X
"서울시",도봉구,창5동,8581,156,18,109,29,6946,112,1317,50,8681,146,15,101,30,6948,112,1428,47
"서울시",도봉구,도봉1동,6397,1250,309,752,189,1107,519,3390,131,6964,1140,247,693,200,1107,659,3922,136
"서울시",도봉구,도봉2동,9468,531,144,316,71,8550,57,291,39,9542,495,116,300,79,8553,45,415,34
"서울시",노원구,소계,186626,8143,3226,3824,1093,160725,3536,13471,751,189213,6619,2132,3332,1155,163502,3448,14948,696
"서울시",노원구,월계1동,6840,655,189,383,83,3998,182,1939,66,7568,638,151,392,95,4503,239,2124,64
"서울시",노원구,월계2동,10604,342,78,215,49,9681,189,369,23,11477,131,19,85,27,10866,173,294,13
"서울시",노원구,월계3동,12679,50,15,30,5,12615,X,7,7,12688,45,14,25,6,12617,X,16,10
"서울시",노원구,공릉2동,13132,557,84,390,83,11066,448,996,65,12923,538,47,378,113,10880,325,1122,58
"서울시",노원구,하계1동,10196,178,65,69,44,9040,447,497,34,10466,152,32,67,53,9283,440,560,31
"서울시",노원구,하계2동,8164,X,X,X,X,8160,X,X,X,8160,X,X,X,X,8160,X,X,X
"서울시",노원구,중계본동,8139,842,775,38,29,6158,192,910,37,8088,767,690,45,32,6158,192,933,38
"서울시",노원구,중계1동,8741,X,X,X,X,8733,X,X,5,8743,X,X,X,X,8733,X,X,6
"서울시",노원구,중계4동,7597,141,63,52,26,7189,29,192,46,7706,95,29,44,22,7317,25,230,39
"서울시",노원구,상계1동,13027,355,61,206,88,10901,371,1323,77,13410,326,38,183,105,10902,418,1686,78
"서울시",노원구,상계2동,5875,712,55,489,168,3908,200,967,88,6042,674,44,452,178,3908,200,1181,79
"서울시",노원구,상계5동,6337,981,124,677,180,3458,179,1615,104,7347,1044,114,736,194,4133,202,1873,95
"서울시",노원구,상계8동,9090,X,X,X,X,9090,X,X,X,9090,X,X,X,X,9090,X,X,X
"서울시",노원구,상계9동,8260,X,X,X,X,8258,X,X,X,8260,X,X,X,X,8258,X,X,X
"서울시",노원구,상계10동,7252,X,X,X,X,7252,X,X,X,6422,X,X,X,X,6422,X,X,X
"서울시",노원구,상계3.4동,10457,2516,1670,730,116,5222,885,1766,68,9292,1410,925,411,74,5308,871,1647,56
"서울시",노원구,상계6.7동,13190,X,X,X,X,13190,X,X,X,13648,X,X,X,X,13647,X,X,X
"서울시",노원구,중계2.3동,14301,X,X,X,X,14245,56,X,X,14301,X,X,X,X,14245,56,X,X
"서울시",노원구,공릉1동,12745,806,41,543,222,8561,358,2890,130,13582,794,27,512,255,9072,307,3282,127
"서울시",은평구,소계,140330,18582,6016,9813,2753,50419,6886,63059,1384,150658,14937,4223,8111,2603,59438,5830,69210,1243
"서울시",은평구,녹번동,9309,1237,262,778,197,2819,565,4595,93,12546,1058,199,681,178,5206,540,5653,89
"서울시",은평구,불광1동,13050,1201,435,608,158,7254,496,4014,85,13601,1113,373,573,167,7280,489,4643,76
"서울시",은평구,갈현1동,6776,1527,701,644,182,713,492,3935,109,7330,1482,659,635,188,928,493,4315,112
"서울시",은평구,갈현2동,8472,1028,352,481,195,1345,405,5569,125,9400,930,260,468,202,1406,413,6533,118
"서울시",은평구,구산동,9417,912,334,411,167,2604,698,5138,65,10543,738,228,351,159,2645,571,6531,58
"서울시",은평구,대조동,9208,1585,435,872,278,1621,241,5638,123,8662,1190,246,698,246,2061,159,5134,118
"서울시",은평구,응암1동,8699,1098,307,621,170,2623,564,4327,87,7341,607,110,362,135,2762,198,3697,77
"서울시",은평구,응암2동,6956,1097,412,585,100,3751,148,1914,46,9263,466,112,282,72,7485,57,1224,31
"서울시",은평구,신사1동,8358,658,211,284,163,2545,539,4552,64,9417,589,155,267,167,2999,476,5291,62
"서울시",은평구,신사2동,6039,1148,413,597,138,2312,383,2137,59,6580,1056,347,571,138,2394,383,2690,57
"서울시",은평구,증산동,5450,929,277,555,97,1933,733,1803,52,4864,771,236,436,99,1857,600,1598,38
"서울시",은평구,수색동,5613,1082,508,489,85,2338,411,1713,69,3114,280,138,102,40,2192,150,467,25
"서울시",은평구,진관동,15432,122,101,7,14,15276,X,22,12,17146,257,205,32,20,16634,220,20,15
"서울시",은평구,불광2동,7706,1801,603,1025,173,778,456,4597,74,8970,1618,480,958,180,882,483,5920,67
"서울시",은평구,응암3동,6231,1426,247,931,248,835,135,3702,133,6999,1294,176,873,245,925,105,4551,124
"서울시",은평구,역촌동,13614,1731,418,925,388,1672,620,9403,188,14882,1488,299,822,367,1782,493,10943,176
"서울시",서대문구,소계,92885,15568,4066,9824,1678,45340,5762,25250,965,101036,12600,2726,8128,1746,54132,5461,27910,933
"서울시",서대문구,천연동,6150,625,220,338,67,5106,113,275,31,6081,522,120,328,74,5109,112,306,32
"서울시",서대문구,홍제1동,7238,907,233,582,92,3802,639,1822,68,8022,619,115,399,105,4961,553,1824,65
"서울시",서대문구,홍제3동,5464,1322,450,734,138,2561,237,1276,68,4969,881,238,513,130,2469,195,1364,60
"서울시",서대문구,홍제2동,4823,313,63,213,37,4050,77,364,19,4993,257,41,180,36,4109,58,545,24
"서울시",서대문구,홍은1동,6764,1750,787,827,136,3832,326,802,54,7308,1132,434,578,120,5041,274,808,53
"서울시",서대문구,홍은2동,8918,1202,239,870,93,2448,918,4280,70,9267,959,154,689,116,2514,895,4840,59
"서울시",서대문구,남가좌1동,5295,53,7,24,22,4940,186,84,32,5609,43,X,23,19,5250,186,104,26
"서울시",서대문구,남가좌2동,7642,1634,218,1183,233,3651,155,2113,89,8979,995,87,705,203,5759,124,2023,78
"서울시",서대문구,북가좌1동,6065,284,25,232,27,4770,191,799,21,6089,286,24,231,31,4770,192,821,20
"서울시",서대문구,북가좌2동,9900,1293,125,996,172,1953,752,5802,100,10603,1197,101,904,192,2016,737,6556,97
"서울시",서대문구,충현동,4928,1593,737,730,126,1467,535,1279,54,6573,1350,541,684,125,3197,544,1428,54
"서울시",서대문구,북아현동,3419,734,232,434,68,2189,95,360,41,5298,702,188,433,81,4099,95,360,42
"서울시",서대문구,신촌동,5158,1160,209,750,201,1509,246,2077,166,5570,1114,182,704,228,1565,249,2476,166
"서울시",서대문구,연희동,11121,2698,521,1911,266,3062,1292,3917,152,11675,2543,500,1757,286,3273,1247,4455,157
"서울시",마포구,소계,116135,14302,4311,7767,2224,63071,3683,33508,1571,122311,11618,2855,6332,2431,70307,3142,35643,1601
"서울시",마포구,용강동,7177,258,98,118,42,6124,106,633,56,7309,218,60,98,60,6067,72,899,53
"서울시",마포구,대흥동,3653,1577,569,854,154,1591,24,378,83,3335,1066,320,602,144,1591,6,601,71
"서울시",마포구,염리동,3845,1207,424,652,131,1791,62,741,44,3186,564,186,281,97,1931,24,626,41
"서울시",마포구,신수동,5858,851,228,505,118,3438,159,1340,70,7508,651,119,381,151,5227,171,1387,72
"서울시",마포구,서교동,8187,1521,387,819,315,1474,353,4400,439,9189,1361,275,710,376,2420,355,4613,440
"서울시",마포구,합정동,5996,786,170,491,125,825,318,3937,130,6319,666,108,430,128,1070,282,4164,137
"서울시",마포구,망원1동,6464,1042,198,637,207,1125,462,3729,106,7047,920,158,556,206,1492,434,4082,119
"서울시",마포구,망원2동,6385,459,45,283,131,2393,586,2848,99,6467,421,32,248,141,2629,262,3054,101
"서울시",마포구,연남동,5500,1385,403,806,176,881,261,2877,96,5648,1174,297,658,219,881,250,3210,133
"서울시",마포구,성산1동,5977,841,210,490,141,605,480,3960,91,6662,761,152,448,161,654,474,4681,92
"서울시",마포구,성산2동,12258,505,109,338,58,9562,382,1758,51,13092,462,79,315,68,9927,340,2318,45
"서울시",마포구,상암동,9724,388,124,154,110,8728,40,547,21,9956,347,91,136,120,8966,40,570,33
"서울시",마포구,도화동,7109,521,161,280,80,6067,38,445,38,7170,510,141,271,98,6067,38,520,35
"서울시",마포구,서강동,8340,730,196,415,119,5333,185,2004,88,8454,610,124,364,122,5609,178,1973,84
"서울시",마포구,공덕동,9928,1782,753,808,221,5247,195,2597,107,11878,1657,621,778,258,7071,203,2839,108
"서울시",마포구,아현동,9734,449,236,117,96,7887,32,1314,52,9091,230,92,56,82,8705,13,106,37
"서울시",양천구,소계,134097,9907,1438,6532,1937,83827,4459,34948,956,143769,7698,617,5319,1762,90788,4042,40382,859
"서울시",양천구,목1동,7769,127,17,74,36,7370,42,197,33,7768,132,17,72,43,7368,42,197,29
"서울시",양천구,목2동,9200,662,79,460,123,2551,514,5398,75,10552,586,57,402,127,2889,512,6498,67
"서울시",양천구,목3동,5918,674,94,455,125,1827,141,3227,49,7164,555,59,360,136,2243,124,4188,54
"서울시",양천구,목4동,6990,698,45,492,161,2817,300,3096,79,7503,637,34,438,165,2833,282,3680,71
"서울시",양천구,신월1동,5652,1179,104,857,218,1261,443,2662,107,6314,1106,81,810,215,1330,445,3320,113
"서울시",양천구,신월2동,7244,305,12,213,80,3790,933,2161,55,7374,273,9,186,78,3882,808,2368,43
"서울시",양천구,신월3동,3972,1163,141,866,156,820,180,1765,44,4371,1147,133,854,160,1167,156,1854,47
"서울시",양천구,신월4동,5942,194,16,108,70,3415,473,1836,24,6145,177,8,98,71,3416,377,2150,25
"서울시",양천구,신월5동,4259,513,41,350,122,1411,420,1876,39,4715,470,31,324,115,1457,388,2355,45
"서울시",양천구,신월6동,3716,830,468,189,173,1477,236,1106,67,5099,54,X,21,32,4413,49,569,14
"서울시",양천구,신월7동,8467,59,X,15,41,3371,107,4864,66,8547,66,X,15,48,3291,187,4937,66
"서울시",양천구,신정1동,4901,300,19,172,109,4331,6,224,40,6041,287,14,161,112,5440,X,268,46
"서울시",양천구,신정2동,6029,335,46,201,88,5197,79,347,71,6119,312,30,187,95,5244,78,419,66
"서울시",양천구,신정3동,15236,1378,242,999,137,12579,73,1146,60,15440,549,78,422,49,13635,73,1158,25
"서울시",양천구,신정6동,7214,X,X,X,X,7214,X,X,X,7214,X,X,X,X,7214,X,X,X
"서울시",양천구,신정7동,10413,79,33,36,10,10192,X,117,25,10861,58,13,32,13,10653,X,125,25
"서울시",양천구,목5동,12391,X,X,X,X,12390,X,X,X,12391,X,X,X,X,12390,X,X,X
"서울시",양천구,신정4동,8784,1411,78,1045,288,1814,512,4926,121,10151,1289,49,937,303,1923,521,6296,122
"서울시",강서구,소계,179045,11671,1504,7998,2169,107304,5306,53569,1195,195383,10260,1230,6882,2148,113767,4794,65426,1136
"서울시",강서구,염창동,12416,165,26,95,44,11120,252,823,56,13248,86,9,43,34,11882,216,1015,49
"서울시",강서구,등촌1동,5629,218,17,129,72,4045,327,996,43,6384,183,16,109,58,4633,143,1382,43
"서울시",강서구,등촌2동,6170,535,74,401,60,2614,483,2498,40,7009,491,60,352,79,2717,472,3291,38
"서울시",강서구,등촌3동,13475,9,X,5,X,13287,X,166,13,13522,10,X,X,6,13287,X,211,14
"서울시",강서구,화곡본동,11273,863,168,517,178,786,632,8910,82,12605,730,120,456,154,1064,630,10103,78
"서울시",강서구,화곡2동,5493,740,67,557,116,338,96,4255,64,6093,661,54,488,119,338,96,4930,68
"서울시",강서구,화곡3동,6106,542,34,426,82,3337,120,2067,40,6665,478,24,370,84,3463,108,2580,36
"서울시",강서구,화곡4동,6131,938,79,681,178,694,197,4213,89,7053,831,60,587,184,694,179,5270,79
"서울시",강서구,화곡6동,7621,589,51,415,123,3051,692,3206,83,8085,560,44,391,125,3117,692,3641,75
"서울시",강서구,화곡8동,8247,769,98,526,145,683,339,6400,56,9035,652,71,448,133,734,329,7273,47
"서울시",강서구,가양1동,7570,100,26,51,23,6707,375,352,36,7921,84,14,42,28,6733,359,713,32
"서울시",강서구,가양2동,7085,X,X,X,X,7083,X,X,X,7085,X,X,X,X,7082,X,X,X
"서울시",강서구,가양3동,7436,X,X,X,X,7436,X,X,X,7454,X,X,X,X,7454,X,X,X
"서울시",강서구,발산1동,11852,268,10,210,48,9142,451,1951,40,12284,242,8,184,50,9143,470,2389,40
"서울시",강서구,공항동,4456,1466,178,943,345,545,133,2255,57,7888,1329,152,822,355,3044,133,3319,63
"서울시",강서구,방화1동,12605,977,129,673,175,9492,227,1818,91,13673,916,112,628,176,10024,144,2499,90
"서울시",강서구,방화2동,7149,1283,344,800,139,3886,315,1549,116,7532,1218,338,737,143,3922,196,2086,110
"서울시",강서구,방화3동,9540,120,X,100,17,8831,90,484,15,9698,117,X,94,20,8921,90,556,14
"서울시",강서구,화곡1동,15587,1490,145,1035,310,4699,241,8957,200,18754,1240,118,831,291,5986,213,11128,187
"서울시",강서구,우장산동,13204,599,55,434,110,9528,336,2668,73,13395,431,27,296,108,9529,324,3040,71
"서울시",구로구,소계,118047,12469,1992,8840,1637,74594,7362,22783,839,133012,11474,1563,8163,1748,83459,7388,29852,839
"서울시",구로구,신도림동,10968,317,111,123,83,10399,104,98,50,11124,278,83,121,74,10552,106,137,51
"서울시",구로구,구로1동,6768,X,X,X,X,6644,X,118,5,6820,X,X,X,X,6700,X,112,7
"서울시",구로구,구로3동,7354,201,58,72,71,5483,126,1518,26,7361,175,48,69,58,5481,126,1550,29
"서울시",구로구,구로4동,8315,717,105,485,127,5897,120,1501,80,8483,717,81,490,146,6027,123,1536,80
"서울시",구로구,구로5동,8453,1049,88,813,148,6758,113,444,89,8740,1018,71,790,157,6811,141,676,94
"서울시",구로구,고척1동,7225,570,186,340,44,5581,110,910,54,7405,530,139,334,57,5556,111,1159,49
"서울시",구로구,고척2동,7446,1304,123,1008,173,4460,275,1342,65,8142,1212,112,923,177,4499,332,2029,70
"서울시",구로구,개봉2동,10476,520,44,373,103,6526,90,3308,32,11045,432,28,306,98,6526,89,3961,37
"서울시",구로구,개봉3동,6280,711,90,496,125,2267,108,3118,76,7266,587,67,394,126,2267,108,4234,70
"서울시",구로구,오류1동,5560,774,206,510,58,3222,267,1257,40,6927,676,149,456,71,4262,255,1699,35
"서울시",구로구,오류2동,13623,601,192,335,74,8978,2237,1760,47,13985,529,130,311,88,9695,1694,2023,44
"서울시",구로구,수궁동,7963,395,150,201,44,1492,3165,2859,52,8840,334,104,182,48,1510,3213,3738,45
"서울시",구로구,가리봉동,2243,1075,108,862,105,114,104,902,48,2551,997,75,787,135,114,104,1290,46
"서울시",구로구,구로2동,6350,2769,431,2080,258,1940,118,1406,117,7183,2672,392,1998,282,1962,121,2307,121
"서울시",구로구,개봉1동,9023,1465,99,1142,224,4833,425,2242,58,10967,1285,79,996,210,6071,342,3209,60
"서울시",구로구,항동,-,-,-,-,-,-,-,-,-,6173,31,5,6,20,5426,523,192,X
"서울시",금천구,소계,57096,9776,556,8167,1053,27342,3937,15549,492,68804,8807,357,7273,1177,31689,3914,23859,535
"서울시",금천구,가산동,4690,721,82,514,125,2707,193,998,71,6200,625,41,461,123,3027,193,2280,75
"서울시",금천구,독산1동,8457,545,42,421,82,6629,48,1174,61,13038,483,14,372,97,10364,48,2063,80
"서울시",금천구,독산2동,4134,1463,58,1275,130,207,236,2178,50,4931,1355,35,1178,142,235,241,3048,52
"서울시",금천구,독산3동,5815,1468,46,1252,170,1449,281,2551,66,6967,1322,27,1089,206,1560,305,3705,75
"서울시",금천구,독산4동,3444,1090,24,982,84,449,162,1705,38,3946,1031,16,906,109,449,163,2263,40
"서울시",금천구,시흥1동,9122,1608,112,1270,226,4812,279,2336,87,10181,1500,74,1185,241,4903,309,3379,90
"서울시",금천구,시흥2동,7788,146,37,91,18,7531,16,82,13,7981,115,34,64,17,7535,16,301,14
"서울시",금천구,시흥3동,3892,180,33,114,33,367,2003,1324,18,4077,162,23,108,31,425,1984,1487,19
"서울시",금천구,시흥4동,5226,1075,63,928,84,1610,488,2029,24,5976,926,37,796,93,1610,453,2960,27
"서울시",금천구,시흥5동,4528,1480,59,1320,101,1581,231,1172,64,5507,1288,56,1114,118,1581,202,2373,63
"서울시",영등포구,소계,96195,17306,3134,11842,2330,65088,1562,11112,1127,107366,14276,2107,9783,2386,74957,1487,15474,1172
"서울시",영등포구,여의동,10127,X,X,X,X,10127,X,X,X,10202,X,X,X,X,10200,X,X,X
"서울시",영등포구,당산1동,5410,888,195,440,253,4083,15,305,119,5770,799,151,386,262,4083,X,762,125
"서울시",영등포구,당산2동,10367,374,68,220,86,9193,22,706,72,10563,330,50,187,93,8920,23,1219,71
"서울시",영등포구,양평1동,3901,704,385,184,135,2884,45,200,68,4229,659,347,165,147,3011,45,445,69
"서울시",영등포구,양평2동,6564,307,75,150,82,4653,155,1375,74,7115,271,57,133,81,4652,155,1959,78
"서울시",영등포구,신길1동,4061,1861,268,1414,179,1250,137,774,39,4280,1518,203,1132,183,1327,137,1246,52
"서울시",영등포구,신길3동,4153,1342,190,995,157,2559,X,206,46,4739,1136,140,835,161,3172,X,391,40
"서울시",영등포구,신길4동,2525,841,78,661,102,1213,X,437,34,3725,624,59,489,76,2690,X,390,21
"서울시",영등포구,신길5동,3022,1510,267,1151,92,610,146,720,36,2301,798,86,653,59,610,146,718,29
"서울시",영등포구,신길6동,5496,1359,361,880,118,3356,172,551,58,5043,786,74,582,130,3414,174,604,65
"서울시",영등포구,신길7동,3896,511,99,361,51,2884,100,365,36,6690,238,26,171,41,6182,37,206,27
"서울시",영등포구,대림1동,3054,1280,87,1059,134,1035,144,518,77,4052,1094,75,890,129,2142,143,607,66
"서울시",영등포구,대림2동,3607,1497,52,1287,158,937,246,849,78,4241,1470,52,1235,183,1529,246,910,86
"서울시",영등포구,대림3동,7041,1186,50,884,252,4191,56,1489,119,7375,1136,39,836,261,4190,40,1881,128
"서울시",영등포구,영등포본동,6275,1325,322,848,155,3543,70,1293,44,6404,1278,263,842,173,3543,69,1463,51
"서울시",영등포구,영등포동,4809,756,287,271,198,3364,92,468,129,7586,625,194,237,194,5078,109,1626,148
"서울시",영등포구,도림동,3875,1307,166,1018,123,1537,126,856,49,4005,1270,134,991,145,1562,126,992,55
"서울시",영등포구,문래동,8012,258,184,19,55,7669,36,X,49,9046,243,156,19,68,8652,36,55,60
"서울시",동작구,소계,109362,17113,3984,11175,1954,56969,5475,28726,1079,115615,14522,2565,9863,2094,61606,5289,33103,1095
"서울시",동작구,노량진2동,2748,1579,370,1053,156,97,214,771,87,2752,1537,361,1042,134,104,214,811,86
"서울시",동작구,상도1동,14115,1037,257,628,152,9016,754,3189,119,14737,926,149,596,181,9078,743,3845,145
"서울시",동작구,상도2동,7100,1142,486,560,96,4012,250,1623,73,9039,855,241,510,104,6058,239,1817,70
"서울시",동작구,상도3동,6621,1127,324,682,121,895,793,3741,65,7246,998,236,630,132,953,793,4436,66
"서울시",동작구,상도4동,7650,1769,623,1026,120,688,747,4378,68,8275,1443,353,950,140,688,663,5407,74
"서울시",동작구,사당1동,5163,1316,91,993,232,487,416,2819,125,5780,1226,57,889,280,550,432,3442,130
"서울시",동작구,사당3동,7031,721,61,554,106,4559,181,1513,57,7759,592,44,444,104,5227,163,1724,53
"서울시",동작구,사당4동,3835,784,82,591,111,974,170,1876,31,4080,704,58,514,132,975,143,2227,31
"서울시",동작구,사당5동,3745,683,101,488,94,1631,226,1162,43,3515,457,39,325,93,1720,195,1101,42
"서울시",동작구,대방동,11073,1097,273,697,127,7032,338,2508,98,11808,1002,206,655,141,7032,394,3281,99
"서울시",동작구,신대방1동,6317,819,46,668,105,4630,53,780,35,6538,799,40,647,112,4630,102,970,37
"서울시",동작구,신대방2동,5382,748,142,547,59,3093,244,1249,48,5520,690,101,514,75,3092,244,1447,47
"서울시",동작구,흑석동,9350,2237,679,1337,221,5382,424,1227,80,9613,1480,368,923,189,6822,408,836,67
"서울시",동작구,노량진1동,10459,1110,321,670,119,8087,360,825,77,10612,1055,252,659,144,8290,359,836,72
"서울시",동작구,사당2동,8773,944,128,681,135,6386,305,1065,73,8341,758,60,565,133,6387,197,923,76
"서울시",관악구,소계,121277,23159,4849,15642,2668,53262,6489,36436,1931,127568,21249,3564,14545,3140,55417,6218,42770,1914
"서울시",관악구,보라매동,5908,1453,364,963,126,1414,646,2326,69,6221,1327,232,929,166,1413,622,2778,81
"서울시",관악구,청림동,5267,487,157,296,34,4390,110,256,24,5263,484,157,288,39,4356,110,286,27
"서울시",관악구,행운동,6760,1215,130,949,136,3454,106,1872,113,7088,1164,75,921,168,3530,106,2181,107
"서울시",관악구,낙성대동,3454,688,116,457,115,1392,422,856,96,3543,648,69,450,129,1422,405,981,87
"서울시",관악구,중앙동,3298,1011,298,585,128,896,157,1163,71,3591,950,226,567,157,1013,157,1398,73
"서울시",관악구,인헌동,6679,904,90,658,156,1319,692,3669,95,6849,831,54,593,184,1319,692,3925,82
"서울시",관악구,남현동,4751,519,65,372,82,1966,507,1714,45,5277,478,38,353,87,2093,529,2135,42
"서울시",관악구,서원동,5124,1035,132,834,69,785,447,2793,64,5454,979,82,784,113,785,448,3171,71
"서울시",관악구,신원동,3713,1364,141,1105,118,673,82,1496,98,3858,1359,87,1121,151,677,82,1653,87
"서울시",관악구,서림동,4860,1100,145,805,150,1699,265,1672,124,5152,1039,94,779,166,1763,274,1951,125
"서울시",관악구,신사동,3901,1698,79,1400,219,298,132,1680,93,4211,1654,51,1342,261,297,134,2034,92
"서울시",관악구,신림동,3521,1036,318,547,171,931,14,1355,185,4242,829,151,490,188,1244,14,1965,190
"서울시",관악구,난향동,4843,473,94,357,22,3872,79,403,16,4938,445,82,336,27,3873,79,525,16
"서울시",관악구,조원동,4688,897,44,656,197,2077,106,1472,136,4180,858,16,631,211,1231,130,1832,129
"서울시",관악구,대학동,4169,1143,117,849,177,1978,232,577,239,4400,1102,85,812,205,2006,232,826,234
"서울시",관악구,은천동,10344,1183,435,600,148,6053,297,2703,108,10519,1033,296,568,169,6053,246,3079,108
"서울시",관악구,성현동,10897,442,146,254,42,8669,249,1502,35,10578,375,115,212,48,8669,129,1368,37
"서울시",관악구,청룡동,6177,1686,226,1260,200,2172,535,1675,109,7921,1220,122,854,244,4392,456,1732,121
"서울시",관악구,난곡동,6861,1624,242,1262,120,915,738,3517,67,7659,1496,191,1168,137,915,715,4470,63
"서울시",관악구,삼성동,7936,1961,1248,630,83,4712,233,994,36,7833,1844,1127,619,98,4712,233,1010,34
"서울시",관악구,미성동,8126,1240,262,803,175,3597,440,2741,108,8791,1134,214,728,192,3654,425,3470,108
"서울시",서초구,소계,125403,6773,1090,4609,1074,90084,5722,21474,1350,133528,5481,871,3579,1031,94499,5356,26931,1261
"서울시",서초구,서초1동,6277,486,151,268,67,4425,296,972,98,6735,443,118,250,75,4527,239,1436,90
"서울시",서초구,서초2동,6422,107,7,81,19,5896,85,278,56,6901,97,5,67,25,6285,81,387,51
"서울시",서초구,서초3동,8447,371,47,247,77,5251,761,1930,134,10040,316,30,200,86,6096,661,2844,123
"서울시",서초구,서초4동,8280,23,X,15,6,8133,45,71,8,9224,19,X,13,5,9077,48,72,8
"서울시",서초구,잠원동,10520,252,16,172,64,9556,123,492,97,11494,231,11,151,69,10436,123,608,96
"서울시",서초구,반포본동,3664,X,X,X,X,3662,X,X,X,3662,X,X,X,X,3660,X,X,X
"서울시",서초구,반포1동,8079,492,17,403,72,5437,305,1771,74,9429,478,12,383,83,6526,309,2047,69
"서울시",서초구,반포2동,5704,X,X,X,X,5703,X,X,X,4702,X,X,X,X,4702,X,X,X
"서울시",서초구,반포3동,6341,6,X,X,5,6335,X,X,X,7183,6,X,X,5,7177,X,X,X
"서울시",서초구,반포4동,6036,138,31,84,23,3834,977,1024,63,6192,118,24,68,26,3834,967,1211,62
"서울시",서초구,방배본동,5346,331,41,215,75,3488,162,1297,68,5743,314,41,200,73,3500,159,1697,73
"서울시",서초구,방배1동,4696,484,50,377,57,1767,249,2115,81,5539,399,29,311,59,1952,265,2841,82
"서울시",서초구,방배2동,6201,1400,115,1137,148,2151,357,2219,74,5306,776,49,615,112,2125,189,2147,69
"서울시",서초구,방배3동,6707,341,57,251,33,4481,307,1546,32,6828,326,54,236,36,4384,327,1758,33
"서울시",서초구,방배4동,7299,729,116,445,168,3552,314,2563,141,7712,463,79,267,117,3778,259,3107,105
"서울시",서초구,양재1동,14074,585,159,325,101,10772,871,1712,134,14561,516,139,298,79,10799,869,2244,133
"서울시",서초구,양재2동,5832,416,12,283,121,909,854,3381,272,6842,386,10,242,134,909,844,4463,240
"서울시",서초구,내곡동,5478,611,269,305,37,4732,16,103,16,5435,593,269,277,47,4732,16,69,25
"서울시",강남구,소계,176654,7437,1060,5010,1367,133127,6106,28122,1862,173745,6968,839,4669,1460,126023,5827,33190,1737
"서울시",강남구,신사동,5020,390,34,261,95,3580,127,758,165,4948,343,25,210,108,3582,107,786,130
"서울시",강남구,논현1동,7220,959,98,677,184,1551,921,3556,233,8113,854,64,620,170,1800,962,4278,219
"서울시",강남구,논현2동,6597,685,96,458,131,2724,694,2330,164,7132,616,60,413,143,2852,676,2812,176
"서울시",강남구,삼성1동,4562,241,105,93,43,3111,381,778,51,4595,217,92,81,44,3111,384,832,51
"서울시",강남구,삼성2동,10073,404,32,298,74,6949,164,2469,87,10178,370,21,279,70,6887,149,2685,87
"서울시",강남구,대치1동,6726,7,X,X,X,6629,12,72,6,6935,5,X,X,X,6868,12,44,6
"서울시",강남구,대치4동,6094,519,29,383,107,1929,125,3388,133,6564,464,13,343,108,1985,130,3861,124
"서울시",강남구,역삼1동,10758,1316,204,874,238,2466,1036,5710,230,11995,1217,152,806,259,2678,972,6915,213
"서울시",강남구,역삼2동,11140,344,36,260,48,8511,258,1965,62,11862,297,25,228,44,8691,258,2561,55
"서울시",강남구,도곡1동,6568,135,14,93,28,5591,187,598,57,6840,129,11,84,34,5802,187,664,58
"서울시",강남구,도곡2동,10222,47,X,27,18,9728,126,243,78,10213,45,X,22,21,9727,126,245,70
"서울시",강남구,개포1동,6869,8,X,5,X,6771,X,90,X,1608,7,X,X,X,1499,X,102,X
"서울시",강남구,개포4동,6393,295,15,207,73,3122,481,2286,209,7409,258,5,174,79,3451,481,3031,188
"서울시",강남구,일원본동,7265,90,X,86,X,6884,291,X,X,7280,104,7,97,X,6884,291,X,X
"서울시",강남구,일원1동,4379,570,22,452,96,3033,7,695,74,4792,506,32,383,91,3033,7,1178,68
"서울시",강남구,일원2동,6405,X,X,X,X,6404,X,X,X,6680,X,X,X,X,6678,X,X,X
"서울시",강남구,수서동,6761,47,24,18,5,6713,X,X,X,7246,58,31,22,5,7185,X,X,X
"서울시",강남구,세곡동,12097,572,230,312,30,11400,X,122,X,12596,758,228,466,64,11467,199,163,9
"서울시",강남구,압구정동,8891,178,33,87,58,7842,251,490,130,8856,170,20,76,74,7842,247,496,101
"서울시",강남구,청담동,9341,416,66,277,73,7016,629,1156,124,9731,361,34,239,88,7322,570,1356,122
"서울시",강남구,대치2동,11736,155,11,98,46,9999,407,1142,33,11109,127,10,81,36,9998,60,889,35
"서울시",강남구,개포2동,11537,59,X,40,15,11174,9,274,21,7063,62,6,40,16,6681,9,292,19
"서울시",송파구,소계,187030,10231,1346,6959,1926,111685,5040,58287,1787,211578,8072,431,5705,1936,127239,4900,69796,1571
"서울시",송파구,풍납1동,3482,1084,60,926,98,1596,206,541,55,3296,892,33,767,92,1596,204,562,42
"서울시",송파구,풍납2동,7271,588,22,460,106,5384,178,1059,62,7608,499,14,378,107,5535,178,1341,55
"서울시",송파구,거여1동,3613,601,180,331,90,1750,173,1041,48,3552,410,9,311,90,1542,212,1345,43
"서울시",송파구,거여2동,7663,1220,676,451,93,5298,219,848,78,5382,306,14,249,43,4442,61,544,29
"서울시",송파구,마천1동,5080,1008,157,697,154,2178,129,1701,64,5299,986,145,689,152,2326,171,1748,68
"서울시",송파구,마천2동,4927,980,211,628,141,1165,479,2208,95,5354,938,184,614,140,1321,404,2595,96
"서울시",송파구,방이1동,4377,154,X,106,48,2134,305,1684,100,4921,127,X,70,57,2146,310,2250,88
"서울시",송파구,방이2동,7310,417,8,308,101,1024,634,5133,102,8214,342,7,233,102,1212,621,5948,91
"서울시",송파구,오륜동,5542,X,X,X,X,5540,X,X,X,5543,X,X,X,X,5540,X,X,X
"서울시",송파구,오금동,10017,417,X,288,125,5315,483,3632,170,12963,367,X,228,136,7216,560,4674,146
"서울시",송파구,송파1동,8147,493,5,375,113,1267,405,5869,113,9335,405,X,280,123,1267,393,7168,102
"서울시",송파구,송파2동,6055,156,X,121,34,4548,155,1165,31,6583,120,X,87,33,4575,155,1705,28
"서울시",송파구,석촌동,10671,625,X,478,144,1030,386,8449,181,12091,510,7,360,143,1066,423,9931,161
"서울시",송파구,삼전동,10308,570,X,459,111,364,316,8946,112,11497,477,X,364,113,479,284,10168,89
"서울시",송파구,가락본동,7829,362,X,205,155,4976,243,2109,139,8410,332,X,171,158,4975,231,2742,130
"서울시",송파구,가락1동,206,X,X,X,X,206,X,X,X,9716,X,X,X,X,9716,X,X,X
"서울시",송파구,가락2동,9911,300,X,190,107,6368,188,2948,107,10424,273,X,156,116,6417,188,3452,94
"서울시",송파구,문정1동,6080,263,X,164,99,3181,197,2349,90,6783,223,X,122,101,3181,187,3102,90
"서울시",송파구,문정2동,4496,X,X,X,X,4494,X,X,X,5607,X,X,X,X,5606,X,X,X
"서울시",송파구,잠실본동,8427,685,9,556,120,1116,124,6336,166,9583,593,5,449,139,1145,124,7576,145
"서울시",송파구,잠실4동,9722,X,X,X,X,9721,X,X,X,6866,X,X,X,X,6864,X,X,X
"서울시",송파구,잠실6동,5390,X,X,X,X,5390,X,X,X,5372,X,X,X,X,5372,X,X,X
"서울시",송파구,잠실7동,3198,X,X,X,X,3198,X,X,X,3198,X,X,X,X,3198,X,X,X
"서울시",송파구,잠실2동,11241,X,X,X,X,11241,X,X,X,11241,X,X,X,X,11241,X,X,X
"서울시",송파구,잠실3동,11050,X,X,X,X,11050,X,X,X,11046,X,X,X,X,11046,X,X,X
"서울시",송파구,장지동,11119,304,X,216,85,8253,220,2269,73,11732,269,X,177,89,8253,194,2945,71
"서울시",송파구,위례동,3898,X,X,X,X,3898,X,X,X,9962,X,X,X,X,9962,X,X,X
"서울시",강동구,소계,119824,11345,712,8556,2077,78697,3704,24886,1192,137876,9956,509,7269,2178,87159,3114,36562,1085
"서울시",강동구,강일동,10348,66,45,13,8,10280,X,X,X,11745,31,18,7,6,11638,X,76,X
"서울시",강동구,상일동,7232,259,9,139,111,5836,636,457,44,10472,242,5,119,118,8953,582,658,37
"서울시",강동구,명일1동,7563,264,9,179,76,6306,119,806,68,8248,253,6,166,81,6765,119,1050,61
"서울시",강동구,명일2동,4485,167,X,100,64,4196,X,93,29,4629,152,X,84,66,4196,X,255,26
"서울시",강동구,고덕1동,3893,336,22,248,66,3196,X,314,47,7536,324,22,237,65,6854,X,315,43
"서울시",강동구,고덕2동,3716,590,16,472,102,2771,X,316,39,6605,555,14,441,100,5589,X,426,35
"서울시",강동구,암사2동,4693,238,25,168,45,3679,86,661,29,5214,177,22,111,44,4139,16,855,27
"서울시",강동구,암사3동,5474,210,77,114,19,4730,38,479,17,5583,209,85,104,20,4808,38,512,16
"서울시",강동구,천호1동,6541,1165,32,966,167,2571,383,2357,65,8035,1009,22,808,179,2612,388,3958,68
"서울시",강동구,천호3동,5618,1203,118,976,109,3269,169,942,35,7964,995,85,785,125,4651,204,2084,30
"서울시",강동구,성내1동,5544,215,6,132,77,2640,413,2163,113,6767,187,X,113,70,3288,317,2863,112
"서울시",강동구,성내2동,5368,1398,76,1055,267,1741,196,1933,100,6199,1244,44,902,298,1775,124,2950,106
"서울시",강동구,성내3동,5951,623,8,445,170,2488,224,2518,98,6685,573,7,400,166,2730,148,3151,83
"서울시",강동구,둔촌1동,5935,5,X,X,X,5930,X,X,X,5,5,X,X,X,X,X,X,X
"서울시",강동구,둔촌2동,7489,598,44,431,123,4941,238,1638,74,7962,543,31,377,135,5011,154,2187,67
"서울시",강동구,암사1동,8630,1296,32,1050,214,2757,311,4181,85,10089,1139,20,889,230,2790,247,5829,84
"서울시",강동구,천호2동,7033,1803,161,1396,246,2256,272,2521,181,9362,1488,103,1134,251,2641,189,4901,143
"서울시",강동구,길동,14311,909,26,670,213,9110,619,3507,166,14776,830,16,590,224,8719,588,4492,147
